{"pitch": [-2.7679032628250337, 11.461870242820043, 164.70899225677908, 59.506773400986], "energy": [-1.1188288927078247, 9.152009963989258, 35.25548534145087, 31.511063194492873]}