{"pitch": [-2.195053577695892, 8.199333249971408, 182.3923205397514, 83.09242307024019], "energy": [-3.062135696411133, 1.9897390604019165, 10.847169801974964, 3.542354253535246]}