{"pitch": [-2.990072021130249, 9.579614419608045, 183.1357057919005, 61.247924631151555], "energy": [-1.2078019380569458, 7.945308685302734, 44.37903175167286, 36.74363361741334]}