{"pitch": [-2.6651195695713668, 10.30260550129846, 171.3868673011306, 64.30738390048852], "energy": [-2.9801673889160156, 1.842099905014038, 10.2268940202059, 3.4316508192006356]}